{"cameraMode":{"drawMode":0,"name":"Shaded","section":"Shading Mode"},"sceneLighting":true,"audioPlay":false,"sceneViewState":{"m_AlwaysRefresh":false,"showFog":true,"showSkybox":true,"showFlares":true,"showImageEffects":true,"showParticleSystems":true,"showVisualEffectGraphs":true,"m_FxEnabled":true},"in2DMode":false,"pivot":{"x":-6.210483074188232,"y":3.361388921737671,"z":-3.6831631660461427},"rotation":{"x":0.0033115081023424865,"y":-0.0030040962155908348,"z":6.240131256163295e-8,"w":0.9999788999557495},"size":10.404930114746094,"orthographic":true}